,title,link,image,author,discount,publisher,pubdate,isbn,description
0,미국 문화의 이해,https://search.shopping.naver.com/book/catalog/32492787725,https://shopping-phinf.pstatic.net/main_3249278/32492787725.20221228074415.jpg,김준호,22000,형설출판사,20140310,9788947274869,"[미국 문화의 이해]는 미국문화에 대한 전반적인 지식을 정리한 책. 미국의 사회구조와 그 배경, 정신적인 의식구조 및 행동양식에 대한 역사, 배경, 기초지식과 활용지식 습득을 제공하고 있다. 보다 객관적인 관점에서 기술하여 미국사회를 올바로 볼 수 있는 안목을 전해준다. 또한 주제에 따른 설명, 지도, 사진, 통계 등의 시작자료를 통해 단순하고 지루한 이론설명에서 벗어나고자 했다."
1,미국 이후의 미국 (그들이 그럼에도 강한 이유),https://search.shopping.naver.com/book/catalog/32504222641,https://shopping-phinf.pstatic.net/main_3250422/32504222641.20221230074629.jpg,박선규,13500,미다스북스,20150126,9788966373635,"비극 속에서 단합하고 전진하는 지혜를 탐구하다

《미국 이후의 미국, 그들이 여전히 강한 이유》는 종군 기자, 청와대 대변인, 문화체육관광부 차관 등 다양한 경력을 가진 저자가 특유의 시각으로 미국 사회의 구석구석을 살피고 찾아낸 그들의 생활 문화에 관한 관찰의 기록이다. 특별히 ‘세월호 사태’를 바라보며 그와 같은 비극을 근원적으로 막아내기 위해 필요한 것이 무엇인지를 고심한 일종의 제안서이기도 하다. 그런 면에서 이 책의 부제를 ‘세월호, 어떻게 넘어야 하나?’로 붙여도 무방할 것 같다. 책 전반을 통해 저자는 거의 일상적으로 발생하는 엄청난 사고와 사건을 대하는 미국의 모습을 살펴본다. 그리고 그런 비극 속에서 분열하고 갈등하기보다는 오히려 단합하고 한발 더 전진하는 미국 사람들의 지혜와 그 배경을 예리하게 탐구하고 있다."
2,피츠제럴드 (미국 문학의 꺼지지 않는 ‘초록 불빛’),https://search.shopping.naver.com/book/catalog/32490674621,https://shopping-phinf.pstatic.net/main_3249067/32490674621.20221019140636.jpg,최민석,16920,아르테(arte),20190906,9788950982997,"“개츠비의 꿈과 이상과 좌절을 
자신의 삶과 문학으로 보여준 작가”

재즈 시대가 낳은 최고의 스타이자 『위대한 개츠비』의 작가, 
미국을 알기 위해서는 반드시 읽어야 할 작가!  

유령 시나리오 작가로 살다 생을 마감한 할리우드에서부터 
『위대한 개츠비』를 쓰며 가장 찬란한 시절을 보낸 뉴욕까지, 
재즈 시대의 흥망성쇠와 함께한 피츠제럴드의 공간을 찾아서 

- 재즈 시대의 아이콘 피츠제럴드를 따라가는 특별한 문학 기행
- 시대와 세대를 뛰어넘어 이어지는 거장과 명작의 인사이트
- 한눈에 살펴보는 거장의 삶과 문학의 공간과 키워드, 결정적 장면
- 내 인생의 거장을 만나는 특별한 여행, ‘클래식 클라우드’ 시리즈"
3,미국교과서 읽는 리딩 PreK 4 준비편 (Student Book + Workbook) (초등학생을 위한 시작부터 차이나는 영어 리딩 첫걸음),https://search.shopping.naver.com/book/catalog/32467516750,https://shopping-phinf.pstatic.net/main_3246751/32467516750.20221227210221.jpg,Michael A. Putlack,13500,키출판사,20121231,9788974575434,"본 책의 음원 제공 방식이 변경됩니다. (CD ▶표지와 내지의 QR 코드 스캔) 재고 상황에 따라 랜덤으로 발송될 수 있는 점 참고 바랍니다.



미국 교과서 분야 부동의 1위, 초중등 영어 분야 스테디셀러 ‘키출판사 &lt;미국교과서 읽는 리딩&gt;시리즈’. 미국에서 널리 읽히는 4종의 교과서를 완벽 분석해 사회, 과학, 수학, 역사, 지리, 언어, 예술 등 여러 과목의 에센스를 매 권마다 집약해, 단계별로 쉽고 빠르게 익힐 수 있게 만들었다.



알파벳부터 CORE코스까지 끊김 없이 촘촘하게 연결되는 &lt;미국교과서 읽는 리딩&gt;시리즈는 단계적, 체계적으로 공부할 수 있다는 평과 함께 영어는 물론이고 다른 과목 성적까지 향상됐다는 독자 피드백을 받고 있다. 영어 공부의 정석, 영어 학습의 필독서로 꼽히는 &lt;미국교과서 읽는 리딩&gt;시리즈로, 흔들림 없는 탄탄한 영어 실력을 만들자. 미국교과서 읽는 리딩 외 미국교과서 읽는 영단어, 미국교과서 읽는 리스닝&스피킹도 있다."
4,미국연방의회론,https://search.shopping.naver.com/book/catalog/33435716738,https://shopping-phinf.pstatic.net/main_3343571/33435716738.20221019132505.jpg,김현우,26100,한국학술정보,20091012,9788926804537,"미국연방의회에 관한 내용을 정리한 책으로 모두 9개의 장으로 구성되어 있다. 첫 부분의 두 개 장은 식민지 의회, 독립혁명, 헌법 제정에 관하여 정리한 것이고, 제3장은 연방의회의 권한과 기능, 제4장부터 제7장까지는 원내의 입법 활동, 위회 조직과 구조, 의회 운영에 관하여 다루었다. 제8장은 의원들의 입법 활동을 지원하는 보좌조직과 그 구성원, 그리고 마지막으로 제9장에서는 의원 윤리, 보좌관, 청문회 등에 관하여 다루었다."
5,현대미국경제론,https://search.shopping.naver.com/book/catalog/33435243666,https://shopping-phinf.pstatic.net/main_3343524/33435243666.20221019141607.jpg,정성혁,15200,신론사,20070327,9788974111762,"미국 경제를 다각도로 분석하고 전망한 경제서적이다. 세계 경제의 중심을 차지하고 있는 현대 미국 경제가 처한 현 상황을 정확하게 분석하고, 과제를 알아보며 미래를 전망해 봄으로 한국 경제에 미칠 영향과 국제 경제의 흐름을 파악할 수 있을 것이다."
6,미국의 총기 문화,https://search.shopping.naver.com/book/catalog/33435244695,https://shopping-phinf.pstatic.net/main_3343524/33435244695.20221019140453.jpg,손영호,4320,살림,20130731,9788952211118,"살림지식총서 제 357권으로, 미국의 가장 큰 사회 문제 중 하나인 총기 문제를 다루고 있다. 미국에서는 연간 3만 명이 총기 사고로 목숨을 잃는다. 하지만 그 규제 역시 쉽지 않다. 많은 미국인이 총기 소지야말로 자유의 증거라고 생각하기 때문이다. 미국인에게 있어서 총은 어떤 의미인지 역사적·문화적인 접근을 통해 살펴본다."
7,사료로 읽는 미국사 (궁리미국총서 01),https://search.shopping.naver.com/book/catalog/32492749132,https://shopping-phinf.pstatic.net/main_3249274/32492749132.20221228072050.jpg,한국미국사학회,22500,궁리출판,20060911,9788958200703,"한국미국사학회의 전신인 미국사연구회가 1992년 간행한 에 사회사 및 여성사 관련 사료 22편을 보완하여 새롭게 펴냈다. 1번 1492년 부터 122번 까지, 각 사료 앞부분에는 해설을 추가해 해당 사료의 배경과 유래를 상세히 설명한다.



1862년 링컨 대통령이 선포한 에서는 노예해방을 약속하는 작은 희망을, 는 마틴 루터 킹 목사의 흑인인권운동에 대한 의지를 읽어내는 등  각 사료를 통해 시대배경과 사람들의 생각을 고스란히 느낄 수 있다. 



그 자체가 과거의 사실이면서 현재와 과거를 연결하는 사료를 통해 미국사를 보다 깊이 이해하고 역사를 바라보는 다양한 시선을 키울 수 있을 것이다."
8,미국 정신의 종말,https://search.shopping.naver.com/book/catalog/32489353860,https://shopping-phinf.pstatic.net/main_3248935/32489353860.20221227205003.jpg,앨런 블룸,16200,범양사,19970430,9788971670705,"고등교육이 어떻게 데모크라시를 실패시켰고, 오늘의 학생들의 정신을 허약하게 했는지 미국 정신의 종말을 살펴본 책이다"
9,미국문화의 이해,https://search.shopping.naver.com/book/catalog/32496301782,https://shopping-phinf.pstatic.net/main_3249630/32496301782.20221228073250.jpg,김현숙,12600,신아사,20150220,9788983968869,"『미국문화의 이해』는 미국문화를 집중적으로 다룬 책이다. 미국인의 언어, 정서적 배경, 역사, 대통령, 지리, 정부, 외교 등을 소개한다. 미국문화에 대한 이해와 필연적으로 연결되는 다양한 영어 표현을 학생들이 익힐 수 있도록 일부러 영어 병기를 많이 수록했다."
10,미국 청교도 사상,https://search.shopping.naver.com/book/catalog/33436276636,https://shopping-phinf.pstatic.net/main_3343627/33436276636.20221228074818.jpg,배한극,21600,혜안,20101225,9788984944145,"미국의 역사에서 중요한 부분을 차지하는 식민지 시대의 뉴잉글랜드 청교도의 사상사 내지 지성사를 다룬 책이다. 미국의 3대정신의 하나인 뉴잉글랜드 퓨리터니즘을 이해하는 것은 매우 중요하다. 왜냐하면 오늘날 세계의 초강대국 미국의 건국의 조상들은 다름 아닌 종교의 자유를 찾아 영국에서 대서양을 건너 신대륙으로 건너간 청교도들이었기 때문이다. 그들은 17세기 초기 식민지 시대의 미국의 종교는 물론이고 정치, 경제, 사회, 문화, 윤리와 도덕, 학문과 교육에 대해 지대한 영향을 미쳤다."
11,처음 만나는 미국,https://search.shopping.naver.com/book/catalog/32505088980,https://shopping-phinf.pstatic.net/main_3250508/32505088980.20220524184452.jpg,김란주,10800,한겨레아이들,20150529,9788984318939,"세계문화 입문서로서 미국을 소개하는 『처음 만나는 미국』은 이러한 미국의 탄생부터 현재까지를 차분히 이야기하며 그곳에 살고 있는 어린이들의 모습을 현실감 있게 보여 준다. 또한 총 다섯 장에 걸친 자연, 산업, 역사, 교육, 문화에 대한 정보는 각각의 주제에 대해 생각해 보게 하는 기회가 되어 주며, 함께 실린 다양한 사진도 미국을 이해하는 데 도움이 될 것이다."
12,트럼프는 어떻게 미국 대선의 승리자가 되었나 (2016년 미국 대선과 아웃사이더 시대),https://search.shopping.naver.com/book/catalog/32467012742,https://shopping-phinf.pstatic.net/main_3246701/32467012742.20221019124240.jpg,미국정치연구회,18000,오름,20171017,9788977784772,"『트럼프는 어떻게 미국 대선의 승리자가 되었나』는 최근 미국무역대표부를 통해 한미자유무역협정 수정을 위한 특별공동회의 소집을 정식으로 요청하였고, 사드(THAAD) 배치 부담금 10억 달러를 지불하라고 요구하기도 한 트럼프 미국대통령의 행보에 대해서 이야기한다. 특히 북한의 핵무기 개발과 대륙간 탄도미사일(ICBM) 시험 발사로 인해 북한 문제가 미국 정치의 핵심 의제로 떠오른 현재 미·중관계 및 북·미관계 향배를 결정짓는 트럼프 대통령의 일거수일투족에 대한 우리의 관심사에 대해서도 언급한다."
13,"중간선거의 정치학 (오바마, 공화당, 그리고 미국정치)",https://search.shopping.naver.com/book/catalog/32466866697,https://shopping-phinf.pstatic.net/main_3246686/32466866697.20221019145854.jpg,미국정치연구회,15300,오름,20150819,9788977784444,『중간선거의 정치학』은 미국 중간선거를 다루고 있는 책이다. 일반적으로 미국의 중간선거는 대통령이 소속되어 있는 여당이 승리하기 매우 어려운 것으로 알려져 있다.1842년 이후 총 43차례에 걸친 중간선거 중 40번의 선거에서 여당이 의회에서 의석수를 잃었던 역사적 사실을 바탕으로 왜 여당이 중간선거에서 고전을 면치 못하는지 알아보고 있다.
14,어게인 오바마 (2012 미국 대선과 오바마의 재선),https://search.shopping.naver.com/book/catalog/32466833513,https://shopping-phinf.pstatic.net/main_3246683/32466833513.20221019141857.jpg,미국정치연구회,16200,오름,20130514,9788977784000,"『어게인 오바마』는 미국 57번째로 치러진 2012년 대통령선거의 과정과 결과, 주요 이슈들과 그것들의 정책적 함의, 유권자의 선택과 그 변화를 정밀하게 추적하는 12편의 논문으로 구성되었다. 이를 통해 이번 선거의 의미와 특징, 미국 선거 정치에서의 변화에 대한 ‘일감’을 가질 수 있을 것이다."
15,미국의 선거와 또 다른 변화 (2010년 중간선거),https://search.shopping.naver.com/book/catalog/32497867103,https://shopping-phinf.pstatic.net/main_3249786/32497867103.20221019105409.jpg,미국정치연구회,14400,오름,20110730,9788977783577,2010년 중간선거『미국의 선거와 또 다른 변화』. 이 책은 단순하지만 성찰을 요구하는 위의 질문에 대한 독자들의 궁금증을 해소하기 위해 미국정치연구회 소속의 연구자들이 작업한 결과물이다. 그동안 개인 집필과 두 차례에 걸친 집단 토론회를 통해 논문의 구성과 내용을 마련했다.
16,2008년 미국 대선을 말한다: 변화와 희망 (변화와 희망),https://search.shopping.naver.com/book/catalog/33435712712,https://shopping-phinf.pstatic.net/main_3343571/33435712712.20221019115509.jpg,미국정치연구회,11700,오름,20090324,9788977783126,"2008년 미국대선을 특징짓는 사이버 공간에서의 캠페인은 웹1.0의 환경에서도 가능한 ‘유권자들에게 후보자들을 알리고 보여주는 것’ 이상의 활동을 의미한다. 그것은 바로 사이버 공간에서의 거대한 네트워크 형성과 조직이다. 



이는 기본적으로 2004년 공화당 캠페인의 네트워킹 전략의 온라인판이라고 볼 수 있지만 기하급수적 확산을 특징으로 하는 사이버 공간의 특성으로 인해 온라인 네트워킹은 그 속도와 규모면에서 상상을 초월하는 사이버 선거판을 탄생시키고 발전시켰다. (-본문 중에서)"
17,전환기 미국정치의 변화와 지속성,https://search.shopping.naver.com/book/catalog/33435978864,https://shopping-phinf.pstatic.net/main_3343597/33435978864.20221019150523.jpg,미국정치연구회,12600,오름,20030901,9788977781832,"다수의 학자들이 미국정치의 다양한 측면을 다양한 접근방법에 입각해 다룬 논문들로 구성되어 있다. 필진 모두가 미국정치연구회 회원들이며, 미국학자들이 자칫 지닐 수 있는 관점상의 편견으로부터 자유로운 시각을 지니고 있다."
18,나홀로 미국일주,https://search.shopping.naver.com/book/catalog/33811874620,https://shopping-phinf.pstatic.net/main_3381187/33811874620.20221228072723.jpg,조요한,9000,퍼플,20200105,9788924067118,"나홀로 미국일주군대를 전역하고 미국 47개주를 횡단하면서 경험한것, 느낀것을 토대로 적은 책 입니다."
19,미국희곡의 이해,https://search.shopping.naver.com/book/catalog/32466685466,https://shopping-phinf.pstatic.net/main_3246668/32466685466.20221228072303.jpg,조용재,11700,신아사,20120830,9788983967794,"원광대학교 영어영문학과 조용재 교수의『미국희곡의 이해』. 저자 조용재가 오랫동안 미국희곡을 강의하면서 드라마와 미국희곡, 특히 유진 오닐과 그의 희곡을 이해하는 데 필요한 내용을 체계적으로 정리한 책이다. 드라마의 본질, 구성, 문학의 공통점 및 비문학과의 차이점 그리고 문학과 극의 차이점을 상세히 설명하였다. 또한 문학을 공부함에 있어서 바탕이 되는 문예사조 중 드라마와 관련된 내용과 미국 드라마의 개관을 다루고, 오닐의 작품에 나타난 중요하고 핵심적인 주제를 연구한 논문을 수록하였다."
20,미국 대학 공부법 (미국 대학 강의실에서 살아남기 위해 꼭 알아야하는 102가지 비법),https://search.shopping.naver.com/book/catalog/32492069934,https://shopping-phinf.pstatic.net/main_3249206/32492069934.20221227205200.jpg,수잔 디렌데^김이숙,14400,마이북스,20110815,9788996535706,"12년간 산타모니카 대학에서 한국 학생들과 수많은 외국 학생들을 지도해온 수잔 교수가 미국 대학 강의실에서 살아남을 수 있는 특별한 공부법을 소개하는 책으로, 미국 대학에 쉽게 적응할 수 있는 포인트를 자세하면서도 핵심을 뽑아 놓았다. 



모두 102개로 정리한 수잔 교수의 미국 대학 공부법의 포인트는 아카데미아의 세계에서 공부를 어떻게 해나가야 할지에 대한 방법론부터 강의실에서 실제 벌어지는 풍경을 통한 적응 방법, 영어로 이루어지는 강의에 잘 적응하기 위한 말하기, 읽기, 쓰기 등 실질적인 공부 방법까지 미국 대학 적응법의 모든 것을 알려준다.



하지만 이 책에서 이야기하는 공부법은 꼭 미국 대학에서만 먹히는 공부법이 아니다. 하나씩 짚어나가다 보면 어느새 더 내실 있는 공부를 도와주는 정보들이 가득하다. “재미로 익히는 정보” “대화에 필요한 간단한 관용 표현” “추천하고 싶은 뮤지컬” “추천하고 싶은 테드 동영상” 등 알차고도 유용한 정보들이 책을 가득 채우고 있다."
21,6.25전쟁과 미국 (트루먼 애치슨 맥아더의 역할),https://search.shopping.naver.com/book/catalog/32482010018,https://shopping-phinf.pstatic.net/main_3248201/32482010018.20221019114238.jpg,남시욱,22500,청미디어,20150605,9788992166874,"광복 70주년, 6·25전쟁 발발 65주년을 맞아 펴낸 북한의 기습 남침을 받아 존망의 기로에 몰린 대한민국이 미국의 도움으로 망국의 위기에서 벗어나 생존하게 되는 과정을 심층 분석한 본격적인 연구서이다. 먼저 미국의 트루먼 행정부가 전략적 가치가 없다 해서 군사력으로 방어 할 대상국가에서 제외한 한국에 어떤 이유로 지상군 까지 파병하기로 결정했는지 그 경과와 배경을 분석했고, 당초 38선 이북으로의 북한군 격퇴만을 목적으로 했던 유엔군이 그들의 작전목표를 어떤 과정을 거쳐 북진통일로 바꾸었는지, 또한 북한 전 지역의 완전점령을 눈앞에 두고 전개된 크리스마스 공세가 중공군의 개입으로 참패로 끝나 통일의 꿈이 물거품이 된 원인은 어디에 있는지도 분석했다."
22,미국영어 척척척 (기초의 기초편),https://search.shopping.naver.com/book/catalog/32492734053,https://shopping-phinf.pstatic.net/main_3249273/32492734053.20220527033920.jpg,이상원,0,스타북스,20180607,9791157953523,"미국영어를 가장 짧게 다이어트 해서 쉬운 우리말로 배우는 이 책은 ‘벼락치기 영어정복자 시리즈’ 기초의 기초편 『미국영어 척척척』이다. 외국어라기보다 우리말로 느낄 수 있게 하고 귀가 열리며 말문이 터지게 하는 미국식 회화의 길잡이로 엮었다. 불필요하고 어려운 문법 용어를 되도록 쓰지 않았고, 모든 발음을 한글로만 표시했다. 또한 익히면 바로 써먹을 수 있는 미국말을 골랐다."
23,"Harry Potter and the Chamber of Secrets : Book 2 (Harry Potter Series [Paperback, 미국판])",https://search.shopping.naver.com/book/catalog/32466839921,https://shopping-phinf.pstatic.net/main_3246683/32466839921.20221228075018.jpg,J.K. 롤링,7200,Scholastic,20000901,9780439064873,"고아소년 해리 포터가 친척집에 맡겨져 천대받다가 마법 학교에 입학하면서 마법사 세계의 영웅이 된다는 줄거리를 담은 환상소설. 해리는 마법의 약 제조법, 약초학, 변신술, 마법의 역사들을 배워 악마의 힘으로부터 마술학교와 마법사 세계를 구한다.

The Dursleys were so mean and hideous that summer that all Harry Potter wanted was to get back to the Hogwarts School for Witchcraft and Wizardry. But just as he's packing his bags, Harry receives a warning from a strange, impish creature named Dobby who says that if Harry Potter returns to Hogwarts, disaster will strike. 

And strike it does. For in Harry's second year at Hogwarts, fresh torments and horrors arise, including an outrageously stuck-up new professor, Gilderoy Lockheart, a spirit named Moaning Myrtle who haunts the girls' bathroom, and the unwanted attentions of Ron Weasley's younger sister, Ginny. 

But each of these seem minor annoyances when the real trouble begins, and someone ? or something ? starts turning Hogwarts students to stone. Could it be Draco Malfoy, a more poisonous rival than ever? Could it possibly be Hagrid, whose mysterious past is finally told? Or could it be the one everyone at Hogwarts most suspects...Harry Potter himself!"
24,미국 패권의 몰락,https://search.shopping.naver.com/book/catalog/35304132747,https://shopping-phinf.pstatic.net/main_3530413/35304132747.20221019134458.jpg,이매뉴얼 월러스틴,13500,창비,20040517,9788936485245,"20세기 세계체제의 거시적 맥락에서 미국 헤게모니의 부상과 몰락의 궤적을 추적하는 책. 저자는 막강한 군사력을 휘두르며 전세계를 위협하는 초강대국의 행보에서 역설적으로 미국 헤게모니의 쇠퇴를 읽어낸다. 또한 이를 '베트남 전쟁', '1968년 혁명', '공산주의 붕괴', '9.11사태'라는 네 가지 역사적 상징등을 통해 명석하게 파헤치고 있다. 동시에 그 자신이 오래 전부터 수해해온 '인종차별주의, 이슬람운동, 사회과학의 쇄신, 민주주의, 지구화' 등에 대한 분석을 체제이행기의 실천적 과제와 연관지으며 면밀히 검토하고 있다."
25,만화로 보는 미국,https://search.shopping.naver.com/book/catalog/33434703674,https://shopping-phinf.pstatic.net/main_3343470/33434703674.20221019120738.jpg,김기홍,4320,살림,20051125,9788952204523,"대중매체적 관점에서 미국사회와의 관계를 통해 미국만화를 조명한 책. 미국만화 100년사를 개괄함과 동시에 주요작품과 매체전반의 흐름 등을 간결하게 정리함으로써 독자들이 미국과 미국만화를 새롭게 이해할 수 있다. 

스파이더맨, 엑스맨, 배트맨, 슈퍼맨... 할리우드 영화와 TV 애니메이션으로 크게 인기를 얻은 미국만화 주인공들이다. 이들은 우리의 안방에도 끊임없이 단골손님으로 등장해서 어린이들뿐만 아니라 성인들을 열광시키는 미국 문화사업의 전초병들이기도 하다. 이 책은 미국만화 100년사를 연대기적으로 개괄하?.."
26,현대 미국의 이해,https://search.shopping.naver.com/book/catalog/32438254645,https://shopping-phinf.pstatic.net/main_3243825/32438254645.20221229073554.jpg,Russell Duncan,22500,명인문화사,20150313,9788992803809,"미국의 탄생에서부터 21세기에 이르기까지 미국정부와 사회의 전체 모습을 살펴보고 있다. 수많은 세월을 거쳐 미국은 다양한 인종들이 함께 공존하며 자유와 민주주의를 실현하고, 주어진 평등의 기회로 개인의 능력을 발휘하여 아메리칸드림을 실현할 수 있는 혁신과 기회의 땅으로 생각되었다. 또한 제2차 세계대전 이후 패권국가로 부상한 미국은 세계평화와 경제 번영을 주도하며 직간접적으로 전세계에 영향을 미쳐왔다. 



하지만 갈수록 심각해지는 양극화된 사회, 2008년 ‘대불황’의 여파로 인한 경제 성장의 둔화, 변화하는 세계질서 속에서 중국의 부상으로 인한 미국의 위상 약화에 대한 두려움, 다양한 인종으로 구성된 미국 사회 내에서의 인종간, 계층간 당파적 정책 논쟁 등이 점차 증가하며 미국 스스로 자기인식에 의문을 갖게 되었다. 



이 책은 단순히 초강대국 미국의 모습을 설명하는 것이 아니라 미국의 역사, 다민족으로 구성된 국민, 정부, 정치체제, 사회, 사회, 문화, 경제, 외교정책 등 다양한 분야를 구분하여 각 분야에서 미국의 과거, 현재, 미래의 모습을 조망하고 있다. 이는 강력한 글로벌 행위자인 미국에 대한 올바른 이해를 돕기 위함이다."
27,미국의 언론 개혁 (1912년의 신문 공개법을 중심으로),https://search.shopping.naver.com/book/catalog/33434880711,https://shopping-phinf.pstatic.net/main_3343488/33434880711.20221019142518.jpg,채백,8100,한나래,20011130,9788955660029,이 책은 해당 분야 전공자들을 위한 교재 겸 전문서이다.
28,"미국의사회와문화(2학기, 워크북포함)",https://search.shopping.naver.com/book/catalog/32466600675,https://shopping-phinf.pstatic.net/main_3246660/32466600675.20221019141958.jpg,신현욱,11000,한국방송통신대학교출판문화원,20220714,9788920024627,"미국의 사회와 문화를 이해하고자 하는 학생들에게 길잡이 역할을 해 주는 과목으로서, 교재 구성 시 학과의 다른 전공 공부와의 연관성을 고려하는 동시에 영문학과 학생답게 일반인들보다는 조금은 더 깊이 미국을 이해하는 계기를 마련하고자 한다. 따라서 교재의 방향이 지나치게 현대적이고 단편적인 현상에 집중되지 않도록 하였고, 식민지 개척 이래 서부로의 영토 확장이라는 지리공간적인 차원과 함께 역사적 계기들을 중요하게 다루었다. 즉 미국의 사회와 문화를 시간과 공간의 두 축을 중심으로 서로 엮여 짜여 가는 양상을 통해 이해하고자 의도하였다. 또한 맥락 없이 외운 단어들은 쉽게 잊어버리기 때문에 다양한 분야의 영어단어와 표현들을 그 역사·사회·문화적 맥락 속에서 익히기를 바라는 마음으로 집필하였다. 이 과목의 내용과 영어가 다른 영문학과 과목을 공부할 때에도 충실한 기초로서 크게 도움이 되리라고 확신한다."
29,미국소설의 이해,https://search.shopping.naver.com/book/catalog/33434903620,https://shopping-phinf.pstatic.net/main_3343490/33434903620.20221019151844.jpg,안임수,18000,한빛문화,20090425,9788991432420,"[표지글]

새로운 나라를 건설한 건국 초기의 미국인들은 유럽 문화에 근거한 문학이 아닌 미국만의 특별한 성격을 표현한 문학을 원했지만, 좋은 문학이란 언제나 시대와 장소를 뛰어 넘어 보편적이어야 한다는 생각에서 국민문학에 대한 요구는 잘못이라고 생각하는 사람들도 있었다. 이러한 논쟁은 분명한 결론없이 거의 100년 동안이나 끌어오다가 점차 미국 문학이 성장하고 꽃이 피게 됨에 따라, 가장 위대한 작가들은 구세계와 신세계의 문학의 가장 좋은 점들을 연결시키는 방법을 발견했다. [양장본]"
30,미국문학의 이해,https://search.shopping.naver.com/book/catalog/32493366041,https://shopping-phinf.pstatic.net/main_3249336/32493366041.20220521012524.jpg,이호영,18000,형설출판사,20141230,9788947275552,"'식민지 시대 계몽주의 문학', '독립 혁명시대 미국 문학', '낭만주의 시대의 미국 문학', '현대 미국 문학의 탄생', '20세기 전반의 미국 문학', '20세기 후반의 미국 문학' 총 6장으로 구성되었다."
31,미국 단편 동화집,https://search.shopping.naver.com/book/catalog/32467111953,https://shopping-phinf.pstatic.net/main_3246711/32467111953.20221019150523.jpg,라이먼 프랭크 바움,14220,리플레이,20190111,9791189604233,"우리 주변 일상생활에서 흔히 볼 수 있는 소재들로 현실에서 일어날 수 없을 법한 상황에서 나타나는 교훈을 통해 남녀노소 누구나 가볍게 읽을 수 있는 재미를 선사하는 '세계동화읽다' 시리즈 첫번째 작품. 

시카고에서는 평범해 보이는 열쇠로 가방을 열었더니 그 안에서 도적들이 쏟아져 나온다. 보스톤에서는 마법의 봉봉 캔디를 먹은 평범한 의원, 교수, 소녀와 그 부모님들이 우스꽝스러운 행동을 하는 것을 볼 수 있다. 어린 카우보이는 시간의 아버지를 붙잡아 세상을 멈추게 만들었고, 플로맨 씨의 백화점 쇼윈도에 서있던 마네킹이 살아 움직이는 모습도 볼 수 있다. 작은 딱정벌레가 뉴잉글랜드에 사는 가난한 부부에게 금화가 쏟아져 나오는 우물을 선물하는 이야기도 읽을 수 있다. 

전 세계적으로 사랑받는 소설 &lt;오즈의 마법사&gt;를 지은 엘 프랭크 바움은 일상생활에서 흔히 볼 수 있는 상황에 유머와 마법을 적절히 섞어 이야기를 만들어내는 데에 아주 탁월한 솜씨를 가지고 있다. 대부분 단편집의 배경은 미국이지만, 항상 요정이나 눅, 혹은 릴의 모습으로 현실에서는 절대 일어날 수 없는 놀라운 일들을 벌이는 존재로 나타나고 있다. 이런 내용들이 나이를 초월하여 모든 이들에게 사랑받고 있는 이유이다."
32,파생금융상품 조세제도 개관 (국내편 및 미국편),https://search.shopping.naver.com/book/catalog/32467031643,https://shopping-phinf.pstatic.net/main_3246703/32467031643.20221227205535.jpg,이미현^정영민^설윤정^조석희^이익재,63000,삼일인포마인,20171127,9788959426010,▶ 이 책은 파생금융상품 조세제도 개관에 대해 다룬 도서입니다. 파생금융상품 조세제도 개관의 기초적이고 전반적인 내용을 확인할 수 있도록 구성했습니다.
33,미국의 유아교육 (손원임 박사의 자녀교육 실전경험과 코칭),https://search.shopping.naver.com/book/catalog/32436342887,https://shopping-phinf.pstatic.net/main_3243634/32436342887.20221019124853.jpg,손원임,14400,새로운사람들,20161215,9788981205379,"『미국의 유아교육』은 미국의 대학에서 10년 넘게 유아교육에 대해 가르쳐온 저자가 아동이 적성과 재능을 살리고 잠재력을 계발하여 품성(品性), 감성(感性), 지성(知性)을 키울 수 있도록 아이에게 맞는 교육방법을 배울 수 있도록 돕는 책이다. 강단의 이론과 가정에서의 경험을 진솔하게 표현한 미국식 유아교육의 길라잡이인 이 책은 일상생활에서 체험할 수 있는 내용을 중심으로 서술했다."
34,지혜나라 동화여행 EBS 방영 꼬마 감성 동화 : 태양을 훔친 까마귀 (아메리카 : 미국 알래스카편) (미국 알래스카편),https://search.shopping.naver.com/book/catalog/32443747916,https://shopping-phinf.pstatic.net/main_3244374/32443747916.20221230072811.jpg,실비아 두보보이,6300,오로라북스,20170101,9788992004855,EBS 방영 꼬마 감성 동화『지혜나라 동화여행』은 아이들에게 세상의 지혜를 알려주는 그림책입니다. 아이들에게 친근감을 주는 동물이나 자연이 등장시켜 책에 대한 흥미를 높였습니다. 또한 세계 여러 나라의 다양한 문화를 간접 체험할 수 있어 세계관을 넓힐 수 있는 좋은 기회가 될 것입니다. 환상적이고 알쏭달쏭한 이야기 속으로 아이들을 초대합니다!
35,迪士尼大電影雙語閱讀:海洋奇緣 (디즈니)적사니대전영쌍어열독:해양기연 Disney:Moana,https://search.shopping.naver.com/book/catalog/32462658214,https://shopping-phinf.pstatic.net/main_3246265/32462658214.20220519174231.jpg,미국디즈니공사,19350,華東理工大學出版社,20161118,9787562848356,"《迪士尼大電影雙語閱讀?海洋奇緣 Moana》爲迪士尼2016年收官動?之作《海洋奇緣》電影同名小說，講述了來自大洋洲的部落少女莫阿娜與半神毛伊，爲拯救族人，穿越海洋踏上冒險旅程，挑戰凶?巨獸，尋?傳說中的神秘島嶼之心。本書由迪士尼官方授權，中英雙語對照，?配有電影彩色劇照。同一種題材，不同的媒介，給?帶著不同的體驗！

上海師範大學?授、博士生導師、?譯家朱振武說：迪士尼電影故事具有?烈的吸引力，充滿冒險和奇幻（Fantasy），滿足了讀者的想象，同時每個故事都傳達了某些?善美的普世?理（Ethics），通過不同的寓言（Allegory）和象征（Symbol），表達鮮明的主題（Theme），這些要素構成了人們樂此不疲的??盛宴（Feast）。

《迪士尼大電影雙語閱讀》《迪士尼?少年英漢雙語讀物》《迪士尼英文原版》系列圖書保留了電影故事情節的完整性，這樣也就保證?少年讀者能?將對電影的喜愛延續到小說上。同樣的精彩劇情，小說帶來的是比電影更深的閱讀感動！

想要學好英語，根本的方法就是閱讀！這是不爭的事實，但?被?多人忽視掉。學英語，不能指望課堂，更不能指望各種提高班。想?"
36,나의 미국 유학기 (유학생과 학부모의 필독서),https://search.shopping.naver.com/book/catalog/32475954709,https://shopping-phinf.pstatic.net/main_3247595/32475954709.20221228073801.jpg,정용석,9000,백산출판사,20161120,9791157633050,정용석 에세이 『나의 미국 유학기』. 저자 정용석의 에세이를 수록한 작품으로 동시에 유학을 준비하는 이들에게 유용한 정보를 담고 있다.
37,미국 교육 정치학,https://search.shopping.naver.com/book/catalog/32436139550,https://shopping-phinf.pstatic.net/main_3243613/32436139550.20220530155918.jpg,Joel Spring,0,교육과학사,20160530,9788925410579,"미국 교육의 정치적 속성에 대한 이론적 토론에서부터 지역, 학교구, 주, 연방정부의 모든 수준에서 일어나는 정치적 통제의 복잡성과 핵심적인 현실성까지, ‘미국 교육 정치학(The Politics of American Education)’은 미국 교육을 통제하고 있는 다양한 힘의 큰 그림이나 세세한 수준의 복잡한 사항을 이해하는 데 시기적절하고 유용하다. 교육의 정치성을 탐구하기 위한 Joel Spring의 통찰력 있는 접근은 독특하고 필수적이라고 할 수 있다."
38,ADHD에 대한 가장 완전한 지침서 (미국소아학회 전문가 지침서),https://search.shopping.naver.com/book/catalog/32438189713,https://shopping-phinf.pstatic.net/main_3243818/32438189713.20220527034821.jpg,미국소아과학회,0,범문에듀케이션,20160722,9791159430183,▶ 이 책은 ADHD에 대한 가장 완전한 지침서를 다룬 이론서입니다. ADHD에 대한 가장 완전한 지침서의 기초적이고 전반적인 내용을 학습할 수 있도록 구성했습니다.
39,노예의 편에 선 링컨 (미국의 남북 전쟁),https://search.shopping.naver.com/book/catalog/32455610995,https://shopping-phinf.pstatic.net/main_3245561/32455610995.20220527033005.jpg,조희정,0,한국헤르만헤세,20160601,9788954833882,"『파피루스 이야기 세계사』는 쉽고 재미있는 이야기 세계사 책입니다. 어린이 눈높이에 맞춰 흥미로운 이야기와 다양한 그림으로 세계사를 소개합니다. 본문 내용을 다지고 풍부한 지식을 쌓을 수 있는 정보글을 본문 뒤에 실었으며, 현장에 온 듯한 생생한 사진과 재미난 읽을거리로 구성된 부록을 통해 학교 수업에 도움이 되도록 했습니다."
40,자유가 아니면 죽음을 달라 (미국의 독립 전쟁),https://search.shopping.naver.com/book/catalog/32503744651,https://shopping-phinf.pstatic.net/main_3250374/32503744651.20220524184747.jpg,김영지,0,한국헤르만헤세,20160601,9788954833844,"『파피루스 이야기 세계사』는 쉽고 재미있는 이야기 세계사 책입니다. 어린이 눈높이에 맞춰 흥미로운 이야기와 다양한 그림으로 세계사를 소개합니다. 본문 내용을 다지고 풍부한 지식을 쌓을 수 있는 정보글을 본문 뒤에 실었으며, 현장에 온 듯한 생생한 사진과 재미난 읽을거리로 구성된 부록을 통해 학교 수업에 도움이 되도록 했습니다."
41,迪士尼流利閱讀第1級:海底總動員 적사니유리열독(제1급):해저총동원 (니모를 찾아서),https://search.shopping.naver.com/book/catalog/35300715824,https://shopping-phinf.pstatic.net/main_3530071/35300715824.20221018143758.jpg,미국적사니공사,13950,인민우전출판사,20160601,9787115426482,"《迪士尼流利閱讀第1級海底總動員》是全新理念的閱讀能力訓練故事書，?最大的特點是讀本按字詞難度分級編寫，各冊通過詞彙量控制、詞彙注釋等方法讓孩子毫無障?地獨立完成閱讀過程。本冊爲流利閱讀第1級，講述的是深入人心的迪士尼動?大片《海底總動員》（尋?尼莫）的精彩故事，配以炫酷的手繪大圖，完美再現了電影的藝術魅力，同時，全文用到的字控制在1500個常用字以內，相當于小學二年級語文要求的閱讀難度。
《迪士尼流利閱讀》是童趣分級讀物體系重要的組成部分。這個閱讀體系共分11級，計劃出版100種以上讀本，是童趣出版有限公司基于國際分級讀物?究成果，組織國內兒童語言?育專家編寫的一套體系完整、編排科學、故事生動有趣的閱讀訓練叢書。叢書緊?我國小學語文?材和國家課程標准，嚴格按字詞難度和知識難度分級，?助孩子們更愉快、更高效地實現從識字到獨立閱讀的飛躍。
《海底總動員》是第76屆奧斯?金像?（2004年）最佳動?長片的得主，故事?述小醜魚馬林過于溺愛兒子尼莫，不但沒有得到兒子的理解，反而使尼莫更加叛逆。在一次冒險遊走時，尼莫不幸失?了。從此，馬林開始在汪洋大海中尋?兒子尼莫，在這場尋子經曆中，馬林認"
42,迪士尼流利閱讀第2級·海底總動員2:多莉去?兒 적사니유리열독제2급·해저총동원2:다리거나인 (도리를 찾아서),https://search.shopping.naver.com/book/catalog/35303024551,https://shopping-phinf.pstatic.net/main_3530302/35303024551.20221018171518.jpg,미국적사니공사,13950,인민우전출판사,20160601,9787115426499,"《迪士尼流利閱讀第1級海底總動員》是全新理念的閱讀能力訓練故事書，?最大的特點是讀本按字詞難度分級編寫，各冊通過詞彙量控制、詞彙注釋等方法讓孩子毫無障?地獨立完成閱讀過程。本冊爲流利閱讀第1級，講述的是深入人心的迪士尼動?大片《海底總動員》（尋?尼莫）的精彩故事，配以炫酷的手繪大圖，完美再現了電影的藝術魅力，同時，全文用到的字控制在1500個常用字以內，相當于小學二年級語文要求的閱讀難度。
《迪士尼流利閱讀》是童趣分級讀物體系重要的組成部分。這個閱讀體系共分11級，計劃出版100種以上讀本，是童趣出版有限公司基于國際分級讀物?究成果，組織國內兒童語言?育專家編寫的一套體系完整、編排科學、故事生動有趣的閱讀訓練叢書。叢書緊?我國小學語文?材和國家課程標准，嚴格按字詞難度和知識難度分級，?助孩子們更愉快、更高效地實現從識字到獨立閱讀的飛躍。
《海底總動員》是第76屆奧斯?金像?（2004年）最佳動?長片的得主，故事?述小醜魚馬林過于溺愛兒子尼莫，不但沒有得到兒子的理解，反而使尼莫更加叛逆。在一次冒險遊走時，尼莫不幸失?了。從此，馬林開始在汪洋大海中尋?兒子尼莫，在這場尋子經曆中，馬林認"
43,미국인의 역사 2,https://search.shopping.naver.com/book/catalog/32487126384,https://shopping-phinf.pstatic.net/main_3248712/32487126384.20221229073418.jpg,폴 존슨,34200,살림,20160430,9788952273611,"식민지부터 초강대국까지 장대한 미국인의 역사
“인류 최대의 모험”에 나서 무에서 유를 창조한 미국인,
그들의 400년 역사는 우리에게 어떤 교훈과 희망을 주는가!

“인류 최대의 모험”, 미국인의 역사

역사학의 거장 폴 존슨이 선보이는 새롭고 거대한 미국의 역사. “미국의 창조는 인류 최대의 모험이다”로 시작하는 이 책 『미국인의 역사』에서 폴 존슨은, 16세기 말 영국령 식민지부터 20세기 말 현재까지 400년 미국인의 역사를 신선하고 매력적인 통찰로 재해석해낸다. 미약하기 그지없던 시작과, 독립과 국민 정체성 확립을 위한 힘겨운 싸움, 남북전쟁과 노예제도와 서부 개척을 둘러싸고 빚어진 “불가피한 죄악”과 거기서 벗어나기 위한 영웅적인 노력과 희생을 거쳐, 폭발적인 경제 성장과 세계 유일의 초강대국으로 우뚝 서는 전 과정이 기왕에 볼 수 없었던 색다른 시각과 사실들로 우리 앞에 펼쳐진다.

오늘날 미국이 어떤 나라인지는 의문의 여지가 없다. 미국은 경제적·정치적·군사적으로 세계 초강대국이다. 뿐만 아니라 지금까지 인류가 이룩해온 모든 발전의 정점에서 여전히 실험과 도전을 계속하고 있는 최선두주자이기도 하다. 이는 『모던 타임스』 『근대의 탄생』 『유대인의 역사』 『기독교의 역사』 등 여러 역사학의 명저들을 써온 저자가 유독 한 나라의 역사서로 “미국인의 역사”를 집필한, 또는 집필해야만 했던 이유와 맞닿아 있다. 저자 스스로 밝혔듯이 이미 1950년대에 미국에 대한 관심이 싹터 기존 저서들의 자료를 갱신하고 수정하고 바로잡고 확장하고 새롭게 다듬는 과정을 거쳐 이 책의 탄생으로 이어졌다. 한마디로 『미국인의 역사』는 폴 존슨의 지적 여정의 총 집약이자 인간이 일구어낸 진보의 최첨단, 현대성의 총화로서 미국을 이해하고 재구성해낸 결과물인 셈이다."
44,迪士尼流利閱讀(第1級):超能陸戰隊 적사니유리열독(제1급):초능육전대,https://search.shopping.naver.com/book/catalog/32548016974,https://shopping-phinf.pstatic.net/main_3254801/32548016974.20220523172726.jpg,미국적사니공사,13950,인민우전출판사,20160501,9787115423207,"《迪士尼流利閱讀第1級 超能陸戰隊》是全新理念的閱讀能力訓練故事書，?最大的特點是讀本按字詞難度分級編寫，各冊通過詞彙量控制、詞彙注釋等方法讓孩子毫無障?地獨立完成閱讀過程。本冊爲流利閱讀第1級，講述的是?炙人口的迪士尼動?大片《超能陸戰隊》的精彩故事，配以炫酷的手繪大圖，完美再現了電影的藝術魅力，同時，全文用到的字控制在1500個常用字以內，相當于小學二年級（上）語文要求的閱讀難度。
《迪士尼流利閱讀》是童趣分級讀物體系重要的組成部分。這個閱讀體系共分11級，計劃出版100種以上讀本，是童趣出版有限公司基于國際分級讀物?究成果，組織國內兒童語言?育專家編寫的一套體系完整、編排科學、故事生動有趣的閱讀訓練叢書。叢書緊?我國小學語文?材和國家課程標准，嚴格按字詞難度和知識難度分級，?助孩子們更愉快、更高效地實現從識字到獨立閱讀的飛躍。"
45,미국 여행 바이블 (탐닉하라! 아메리카의 천 가지 표정),https://search.shopping.naver.com/book/catalog/32436007871,https://shopping-phinf.pstatic.net/main_3243600/32436007871.20220527024317.jpg,베로니카,0,넥서스BOOKS,20110225,9788957974766,"미국의 5색 매력을 만끽하다!

『미국 여행 바이블』은 오랜 기간 미국에 살면서 미국 전역을 여행한 저자가 현지 문화와 소통하며 쓴 미국 여행기다. 미국의 아름다운 여행지들을 매혹적인 대도시 여행, 예술과 자유를 찾아 떠나는 여행, 대자연의 신비를 만나는 여행, 지상 최고의 휴양지 여행 등으로 나누어 소개한다. 미국, 시애틀 등 미국의 화려한 대도시와 그랜드 캐년, 나이아가라 폭포 등 넋을 잃게 하는 대자연뿐만 아니라 예술의 도시 샌타페이 등 미국의 명소 곳곳을 있는 그대로 보여주는 1,200여 컷의 사진을 글과 함께 감상할 수 있다."
46,미국 불안한 제국 (우리가 꼭 알아야 할 세계의 모든 문제),https://search.shopping.naver.com/book/catalog/32438193783,https://shopping-phinf.pstatic.net/main_3243819/32438193783.20220527031119.jpg,자크 포르트,0,현실문화,20120410,9788965640400,"미국의 어제와 오늘을 살핀다!

세계시민교육의 핵심 주제들을 쉽고 깊이 있게 다루고 있는 시리즈「라루스 세계지식사전」 제15권 『미국 불안한 제국』. 미국은 어떻게 세계의 패권을 거머쥐었는지, 그리고 어떻게 쇠락의 위기에 놓여있게 되었는지 살펴본 책이다. 세계의 변화 한가운데는 늘 미국이 있다. 한국과 떼려야 뗄 수 없는 관계를 맺고 있는 대제국. 이 책은 1, 2차 세계대전 이후 미국이 어떻게 세계 최강국으로 거듭나고 번영을 누리게 되었는지, 현재 직면한 위기의 근원이 어디인지를 살펴보면서 미래의 모습까지 전망하고 있다."
47,미국의 대통령들 (제왕의 권력),https://search.shopping.naver.com/book/catalog/32440953332,https://shopping-phinf.pstatic.net/main_3244095/32440953332.20220527053938.jpg,뱅상 미슐로,6300,시공사,20110819,9788952762443,"미국 대통령들의 권력의 역사가 펼쳐진다!

『미국의 대통령들』은 미국 정치를 지탱하는 핵심 요소인 대통령의 권한과 역할, 역대 대통령의 행적과 주요 사건을 통해 복잡하고 역설적인 미국의 대통령 제도를 설명하는 책이다. 프랑스 문화의 산실로 불리는 세계적인 출판사 갈리마르에서 20여 년 동안 준비하고, 600여 명의 해당 분야 최고 전문가와 석학이 지구촌 곳곳을 누비며 수집한 자료들을 담아냈다. 워싱턴부터 링컨, 케네디, 클린턴 등 미국을 만들어간 역대 대통령들의 행적과 미국 대통령이 지닌 권력의 역사를 이해할 수 있는 120점의 자료들을 만나볼 수 있다."
48,미국 인종차별사,https://search.shopping.naver.com/book/catalog/32466576630,https://shopping-phinf.pstatic.net/main_3246657/32466576630.20220530150546.jpg,토머스 F. 고셋,0,나남,20100930,9788930085021,"인종이론이 인종차별이론으로 자리잡아가는 과정!

인종문제를 다룬 역사서이자 문화비평서『미국 인종차별사』. 1963년에 처음 출간된 이 책은 이후 미국 인종연구사에서 이정표 역할을 해왔다. 미국에서 진행된 인종이론 논쟁이 어떻게 인종차별에 동원되는지, 그리고 실제로 미국 사회에서 종교적ㆍ과학적 사상으로 무장한 채 인종차별이론으로 탈바꿈하는지를 보여준다. 흑인과 백인 간 인종문제를 넘어 '네이티브 아메리칸'인 인디언을 포함해 '황인종'이라고 불리는 동양인과 백인, 나아가 백인종 간, 특히 라틴계와 게르만계 인종 간의 구분과 이를 바탕으로 한 인종차별의 문제까지 다루고 있다."
49,미국 세법의 이해,https://search.shopping.naver.com/book/catalog/32467012835,https://shopping-phinf.pstatic.net/main_3246701/32467012835.20220527051248.jpg,이정미^김태경^김정호,0,삼일인포마인,20110513,9788959421879,『미국 세법의 이해』는 미국 세법과 한국 세법 실무에 정통한 세무전문가들이 엮어낸 미국 세법 지침서이다. 미국국세청(Internal Revenue Service)이 제공하고 있는 각종 신고서식을 바탕으로 난해한 미국 세법을 쉽게 풀어 나가면서 전체적인 체계정립 가능하도록 구성되었다.
50,해저총동원(니모를 찾아서)(중영문) 迪士尼經典電影故事（精裝）：海底總動員 양장본 Hardcover,https://search.shopping.naver.com/book/catalog/32473362679,https://shopping-phinf.pstatic.net/main_3247336/32473362679.20220520055751.jpg,미국디즈니공사,0,호북소년아동출판사,20090801,9787535347268,☞ 이 책은 중국어로 쓰여져 있습니다.
51,"미국인 나트륨 섭취를 줄이는 전략 (미국의학한림원 합의보고서, 대한민국의학한림원 총서 P12)",https://search.shopping.naver.com/book/catalog/32473670991,https://shopping-phinf.pstatic.net/main_3247367/32473670991.20221230071319.jpg,미국의학한림원,32000,대한민국의학한림원,20120928,9788996725725,"미국의학한림원 합의보고서『미국인 나트륨 섭취를 줄이는 전략』. 미국인의 나트륨 섭취량을 감소시키기 위한 전략에 초점을 맞춘 책이다. 나트륨 섭취량 감소를 위해 시행하였던 과거와 현재 활동에 대한 평가를 토대로, 나트륨 섭취량을 감소시키기 위한 다양한 필수 요소를 제시한다. 나트륨 섭취량을 줄이기 위한 전략의 조직화 및 핵심 요소, 위원회 권고안의 배경 및 고려사항 등을 수록하였다."
52,사자왕(라이온킹)(중영문) 양장,https://search.shopping.naver.com/book/catalog/32475573958,https://shopping-phinf.pstatic.net/main_3247557/32475573958.20220520091353.jpg,미국디즈니공사,0,호북소년아동출판사,20090801,9787535347275,☞이 책은 중국어로 쓰여져 있습니다.
53,디즈니경전전영고사: 미식총동원(라따뚜이)(중영문) 양장,https://search.shopping.naver.com/book/catalog/32476081093,https://shopping-phinf.pstatic.net/main_3247608/32476081093.20220520093301.jpg,미국디즈니공사,0,호북소년아동출판사,20090801,9787535347251,☞이 책은 중국어로 쓰여져 있습니다.
54,선리기연(신데렐라)(중영문) 양장,https://search.shopping.naver.com/book/catalog/32476116303,https://shopping-phinf.pstatic.net/main_3247611/32476116303.20220520093940.jpg,미국디즈니공사,0,호북소년아동출판사,20090801,9787535345806,☞이 책은 중국어로 쓰여져 있습니다.
55,미국통일상법전 (Uniform Commercial Code(UCC)),https://search.shopping.naver.com/book/catalog/32480420739,https://shopping-phinf.pstatic.net/main_3248042/32480420739.20221229073835.jpg,미국변호사협회,29700,법문사,20061108,9788918017792,"통일상법전은 제1편 총 칙, 제2편 매매, 제2A편 리스, 제3편 유통증권, 제4편 은행예금 및 추심, 제4A편 자금이체, 제5편 신용장, 제6편 일괄매매, 제7편 창고증권, 제8편 투자증권, 제9편 담보부거래, 제10편 시행일 및 폐지 법규, 제11편 시행일 및 경과규정 총 13편으로 구성되어 있다.

우리나라는 영미법계에 속하는 국가의 법원리와 법제도에 대한 연구가 활발하게 진행되어 왔으며, 그 연구성과는 현행의 법제도에 많은 영향을 끼쳤다. 이 중 가장 대표적인 분야가 상거래 분야이며, 대표적인 법이 미국 통일상법전이다. 이러한 통일상법전에 대한 연구의 필요성은 미국을 비롯한 영미법계 국가와의 교류의 확대와 더불어 증대되고 있으며, 현재 각 분야별로 이에 대한 연구가 진행되고 있다."
56,월·E : 중영문 양장본 Hardcover,https://search.shopping.naver.com/book/catalog/32480421069,https://shopping-phinf.pstatic.net/main_3248042/32480421069.20220520112742.jpg,미국디즈니공사,0,호북소년아동출판사,20090801,9787535348548,☞이 책은 중국어로 쓰여져 있습니다.
57,미국을 로비하라,https://search.shopping.naver.com/book/catalog/32482361792,https://shopping-phinf.pstatic.net/main_3248236/32482361792.20221229074242.jpg,송의달,4500,삼성경제연구소,20070611,9788976333476,"초강대국을 지향하는 미국에 관한 이해! 한국의 대미 로비의 올바른 방향!

우리는 미국과 아주 복잡한 관계로 얽혀있다. 현재 미국이 전 세계 평화를 관장하는 듯한 분위기를 풍기고 있으며, 북한 문제와 결부되어 대한민국도 그 아래에 두려한다. 그렇다고 무조건 미국에 반기를 들고 떨쳐내려 하면 안 된다. 적극적인 로비를 펼쳐 그들이 우리의 요구를 들어주도록 마음껏 이용하는 지혜가 필요한 때이다.

『미국을 로비하라』는 21세기 한국의 대외 전략의 핵심 화두인 '미국과의 원만한 관계'를 내세운다. 우리에게 필요한 '자주'와 '동맹'을 동시에 달성할 수 있는 전략적 카드로 미국과의 능동적인 관계 형성의 필요성을 역설하며, 그 방안으로 '대미 로비'를 활성화해야 한다는 주장을 펼친다.

본문은 먼저 왜 미국에 로비를 해야 하는지를 설명하면서 시작한다. 그런 다음 이스라엘, 일본, 중국과 대만 등 로비선진국들이 각각 미국에 어떻게 로비를 했는지, 로비를 펼침으로써 얻은 이익이 무엇이 있었는지를 자세히 살펴본다. 이를 통해 대한민국의 바람직한 대미 로비 방향을 모색해본다."
58,디즈니경전전영고사: 소웅유니(곰돌이푸)(중영문) 양장본 Hardcover,https://search.shopping.naver.com/book/catalog/32482689376,https://shopping-phinf.pstatic.net/main_3248268/32482689376.20220520130522.jpg,미국디즈니공사,0,호북소년아동출판사,20090801,9787535347299,☞이 책은 중국어로 쓰여져 있습니다.
59,몬스터 주식회사 (중영문) 양장,https://search.shopping.naver.com/book/catalog/32483323249,https://shopping-phinf.pstatic.net/main_3248332/32483323249.20220520133915.jpg,미국디즈니공사,0,호북소년아동출판사,20090801,9787535347220,☞ 이 책은 중국어로 쓰여져 있습니다.
60,완구총동원(토이스토리)(중영문) 양장,https://search.shopping.naver.com/book/catalog/32483629040,https://shopping-phinf.pstatic.net/main_3248362/32483629040.20220520134320.jpg,미국디즈니공사,0,호북소년아동출판사,20090801,9787535348562,☞이 책은 중국어로 쓰여져 있습니다.
61,디즈니 CD Storybook : 카 Car,https://search.shopping.naver.com/book/catalog/32485471860,https://shopping-phinf.pstatic.net/main_3248547/32485471860.20221229072342.jpg,미국디즈니공사,15750,호북소아출판사,20100714,9787535347237,디즈니 CD Storybook(중문: 양장본 / 영문:소책자)은 성우가 생동감있에 동화책을 읽어주는 Storybook 입니다. 성우의 언어는 중영다어로 중국어 영어 각각의 원어민이 녹음을 하여 발음이 좋으며 선물용으로도 좋습니다.
62,미국 법률 이야기,https://search.shopping.naver.com/book/catalog/32490343166,https://shopping-phinf.pstatic.net/main_3249034/32490343166.20221230071835.jpg,Howard Lee,18000,석학당,20130827,9788993158700,"한국의 법률은 성문법인데 비해 미국의 법률은 판례법이다. 따라서 미국에 살고 있는 우리 교민들은 미국법의 생소함 때문에 법률에 대한 상식을 접할 기회가 많지 않다. 이에 연합신문의 YTV와 함께 TV 방송을 통해 라루에 30분씩 강의를 진행했고, 이를 받아 미국의 6개 도시에서 방송은 진행하였다. 이 교재는 미국에 살고 있는 교민들을 위해 만든 것으로, 방송을 들으며 쉽게 이해할 수 있도록 구성되었다. 함께 수록한 DVD를 활용하면 더욱 학습에 도움이 될 것이다."
63,미국 불법행위법 (원칙 및 판례),https://search.shopping.naver.com/book/catalog/32490683646,https://shopping-phinf.pstatic.net/main_3249068/32490683646.20220527023838.jpg,잔 칼슨,0,진원사,20130131,9788963462653,"▶ 이 책은 영어로 구성되어 있습니다.

중앙대학교 법과대학 불법행위법률 & 집단소송절차법 겸임교수 잔 칼슨의 『미국 불법행위법』. 한국의 법학도와법조인을 대상으로 미국의 불법행위법에 쉽고 간단하게 접근하도록 구성한 것이다. 불법행위의 요소를 한국어 번역에다가, 주된 요악을 통해 보충설명했다."
64,디즈니경전전영고사: 백설공주(중영문) 양장본 Hardcover,https://search.shopping.naver.com/book/catalog/32491317849,https://shopping-phinf.pstatic.net/main_3249131/32491317849.20220520200841.jpg,미국디즈니공사,0,호북소년아동출판사,20090801,9787535345790,☞이 책은 중국어로 쓰여져 있습니다.
65,"미국, 알고 배우자!",https://search.shopping.naver.com/book/catalog/32491849324,https://shopping-phinf.pstatic.net/main_3249184/32491849324.20221230073051.jpg,최주천,9000,북랩,20131122,9791155850756,"미국 유학 1세대로 미국 연방정부 공무원과 미국 대학 교수로 일한 저자가 미국 사회의 빛과 그림자를 진단했다. 저자는 이 책을 통해 반세기를 훌쩍 넘는 미국생활을 통해 유학생, 여행자들에게 미국의 현주소를 가감 없이 보여주고 어느 나라나 배울 것은 있지만 분별없이 본받는 것은 망국의 지름길임을 강조하고 있다. 또, 미국과 한국 또 그 밖의 여러 나라들의 현실을 꼬집어 이야기하면서 본받아야 할 것과 우리가 전해야 할 것 그리고 융합해야 할 것들을 제시한다."
66,미국 음악가 사전,https://search.shopping.naver.com/book/catalog/32492076118,https://shopping-phinf.pstatic.net/main_3249207/32492076118.20220527022120.jpg,박문정,0,이앤비플러스,20120525,9788994246215,"『미국 음악가 사전』은 미국에서 출생한 음악인이나 미국으로 이주한 음악인 혹은 일정기간 미국에서 활동인 음악인 375명의 간략한 생애와 작품설명을 담은 책이다. 예술음악 작곡가들과 음악학자들을 대상으로 하였으며, 잘 알려진 재즈 뮤지션과 팝 뮤지션을 포함시켰다. 각 인물들은 알파벳순으로 나열하였으며, 대표작품이나 특이한 작품들을 선별하여 소개하였다. 미국음악을 공부하는 많은 이들이 미국 음악인들의 작품세계를 이해하고 미국 음악의 역사를 연구하는 데 유용한 자료가 될 것이다."
67,오리지널 미국 중,https://search.shopping.naver.com/book/catalog/32492749222,https://shopping-phinf.pstatic.net/main_3249274/32492749222.20220527035540.jpg,박종매,10800,푸른향기,20140329,9788967820091,"미국 로욜라메리마운트대학의 종교학과 교수 종매스님(박종매)이 좌충우돌 해외포교 이야기 『오리지널 미국 중』. 이 책에는 오랜 외국생활과 해외 불제자들과의 인연, 승려로서 경험한 웃지 못할 해프닝, 불사를 하기 위해 직업전선에 뛰어들어야 했던 사연, LA폭동이 일어났을 때 절을 지켜준 흑인 불자들, 서양의 젊은이들과 어울리며 열린 마음으로 불법을 전하는 사연 등 솔직담백한 이야기들이 담겨 있다."
68,미국사회와 문화,https://search.shopping.naver.com/book/catalog/32496107725,https://shopping-phinf.pstatic.net/main_3249610/32496107725.20221230072109.jpg,최영승,16200,동아대학교출판부,20120830,9788944902819,"이 책은 미국사회와 문화에 대해 배우려는 대학생이나 대학원 전문서, 실무자를 위한 책으로 미국사회와 문화의 전반적인 내용을 자세히 설명하고 있다."
69,세계를 간다: 미국 (샌프란시스코 시애틀 시카코 뉴욕 애틀랜타 외),https://search.shopping.naver.com/book/catalog/32496598857,https://shopping-phinf.pstatic.net/main_3249659/32496598857.20220530155234.jpg,세계를간다 편집부,0,알에이치코리아,20130830,9788925551159,"이제 미국 여행이 더욱 재미있어진다!

『세계를 간다: 미국』은 해외여행자들의 경험을 토대로, 현지에서 바로 이용할 수 있는 구체적이고도 실용적인 여행 정보를 총망라한 여행 가이드북이다. 로스앤젤레스, 라스베이거스, 시카고, 뉴욕, 워싱턴 DC 등 미국 전 지역의 주요 도시 정보를 담고 있다. 관광, 교통, 식사, 숙박 등 필수적인 여행 정보를 가득 담은 것은 물론, 해당 지역의 사회, 역사, 문화, 풍속까지 다양한 주제를 다루고 있다. 또 여권 만들기, 출국 수속과 탑승, 통화와 예산, 여행회화 등 여행 준비를 위한 정보도 함께 수록하여 여행자들이 더욱 편안한 여행이 될 수 있도록 도와준다.

▶ 본 도서는 257쪽부터 2도 인쇄로 컬러가 아님을 감안해 주시기 바랍니다."
70,"미국 캠핑 여행기 (퇴직 후, 떠나는)",https://search.shopping.naver.com/book/catalog/32503506732,https://shopping-phinf.pstatic.net/main_3250350/32503506732.20220527024721.jpg,금동화,0,페이퍼북,20131023,9788997148332,"30일, 11,760km를 달려 미국을 횡단한 두 부부의 캠핑 여행기!

『퇴직 후, 떠나는 미국 캠핑 여행기』는 은퇴를 준비하고 있는 두 부부가 답답한 서울 생활에서 잠시 떠나 미국 캠핑 여행길에서 겪은 이야기를 엮은 책이다. 가슴을 뛰게 하는 캠핑장 정보부터 자연을 즐기는 마음가짐까지 알차게 정리해 두었다. 한 여름 설원과 온천수, 다양한 동식물이 공존하는 대자연을 느낄 수 있는 두 부부의 캠핑 여행을 따라가다 보면 삶의 느림과 진정한 행복, 살아간다는 것에 대한 감사함 등을 느낄 수 있을 것이다."
71,미국 법제도 입문,https://search.shopping.naver.com/book/catalog/32503810861,https://shopping-phinf.pstatic.net/main_3250381/32503810861.20220527025319.jpg,토니 파인,0,진원사,20111028,9788963461366,"『미국 법제도 입문』은 미국 법체계가 어떻게 구성되어 있으며 어떻게 작동하는지 간결하고 알기 쉽게 조망한다. 이 책은 특히 미국 법제도의 특징적인 면, 즉 한국과 다른 국가들의 로마법 전통과 구별되는 점들을 소개한다. 여기는 우리의 헌법구조, 미국 소송의 대립구조 및 케이스법과 선례구속의 원칙상 선례의 역할에 대한 설명도 포함되었다."
72,미국건축 이야기,https://search.shopping.naver.com/book/catalog/32504652105,https://shopping-phinf.pstatic.net/main_3250465/32504652105.20220527061426.jpg,이동희,16200,애플트리,20130228,9788998941017,"『이동희 교수의 미국건축 이야기』는 미국 동부지역의 유명한 도시들과 건축물들을 찾아다니며 기록한 감성적 글월들과 예술적 사진들로 구성한 책이다. 총 50편의 건축체험 이야기가 담겨져 있다.필자가 1년 남짓 미국 펜실베이니아대학 방문교수직을 수행하면서, 동부지역의 유명한 도시들과 건축물들을 찾아다니며 기록한 체험적 글월들과 실증적 사진들로 구성했다."
73,미국 50주 사전,https://search.shopping.naver.com/book/catalog/32507726952,https://shopping-phinf.pstatic.net/main_3250772/32507726952.20220521165405.jpg,,16000,메드라인,20070611,9788992190039,
74,전후 미국시 평설,https://search.shopping.naver.com/book/catalog/32539329322,https://shopping-phinf.pstatic.net/main_3253932/32539329322.20220523094441.jpg,,12000,동인(종로),20041008,9788955062045,
75,MARC 21 전거 레코드의 이해,https://search.shopping.naver.com/book/catalog/32735146637,https://shopping-phinf.pstatic.net/main_3273514/32735146637.20221228074813.jpg,미국의회도서관,7200,태일사,20060630,9788989023807,이 책은 미국 의회 도서관에서 발행한 Understanding MARC Authority Records의 온라인 버전 최신 판을 한국어로 완역한 것이다. LC MARC와 USMARC를 거쳐 새로이 태어난 MARC21 전거레코드의 최신 내용을 알기 쉽게 정리하고 있다. 도서관 현장의 실무자들과 학생들에게 많은 도움이 될 것이다....
76,들어라 미국이여 (카스트로 연설모음집),https://search.shopping.naver.com/book/catalog/32839249619,https://shopping-phinf.pstatic.net/main_3283924/32839249619.20221019104516.jpg,피델 카스트로,11700,산지니,20070308,9788992235099,"48년 동안 쿠바를 이끌고 있는 피델 카스트로의 연설 모음집!

『들어라 미국이여』는 피델 카스트로가 세계를 향해 외쳤던 연설과 대담 모음집이다. 48년 동안 쿠바를 이끌어 오고 있으며, 사회주의를 포기하지 않고 있는 노혁명가의 절절한 외침이다. 본문은 2000년 1월에서 2001년 11월에 걸친 카스트로의 연설과 인터뷰 중에서 예리하고 간략한 것들만 선별하였다.

베네수엘라, 파나마, 쿠바, 미국 등에서 행한 연설로서 2000년 유엔에서 개최된 밀레니엄 정상회담, 2001년 남아프리카공화국 더반(Durban)에서 개최된 인종차별주의에 대한 회의에 참가해서 행한 연설 등이 포함되어 있다. 이를 통해 기본적으로 쿠바혁명의 의미를 파악할 수 있다.

또한 이 연설들에는 제3세계에 만연한 에이즈, 빈곤, 죽어가는 아동의 비극, 인종차별, 테러위기 등에 대한 카스트로의 입장이 거침없이 피력되어 있으며, '들어라 미국이여'라는 제목에서 알 수 있듯이 카스트로가 현재의 세계경제정치 질서를 이끌고 있는 미국을 어떻게 비판하고 있는지도 자세히 파악할 수 있다. [양장본]"
77,벼랑 위에 선 미국 (이슬람의 도전과 사라지는 강대국들),https://search.shopping.naver.com/book/catalog/33217587636,https://shopping-phinf.pstatic.net/main_3321758/33217587636.20221019110338.jpg,마크 스타인,14250,인간사랑,20090720,9788974182786,"[표지글]

""마크 스타인은 세계에서 가장 예리하고 위트 있는 이슬람 파시즘 관찰자이다.
이 책은 엄청나게 진지한 만큼 재미가 있고, 진실이 늘 그렇듯이 완고하며,
최신 테러공격의 뉴스만큼이나 시기적절하다.
스타인은 우리의 신세기를 깊이 들여다 보면서 인구학적 힘과 '사회적 스톡홀름 증후군'이
전 세계를 새로운 암흑 시대로 몰아넣는 위협이라고 생각한다.""

휴 휴이트, 공공 라디오 토크쇼 진행자"
78,디즈니경전전영고사: 목우기우기(피노키오)(중영문) 양장,https://search.shopping.naver.com/book/catalog/33378709975,https://shopping-phinf.pstatic.net/main_3337870/33378709975.20220709082828.jpg,미국디즈니공사,0,호북소년아동출판사,20090801,9787535345783,☞이 책은 중국어로 쓰여져 있습니다.
79,비옥환유기(업 UP)(중영문) 양장,https://search.shopping.naver.com/book/catalog/33379003646,https://shopping-phinf.pstatic.net/main_3337900/33379003646.20220709083859.jpg,미국디즈니공사,0,호북소년아동출판사,20090801,9787535348388,☞ 이 책은 중국어로 쓰여져 있습니다.
80,디즈니경전전영고사: 미녀여야수(미녀와야수)(중영문) 양장,https://search.shopping.naver.com/book/catalog/33379149575,https://shopping-phinf.pstatic.net/main_3337914/33379149575.20220709085426.jpg,미국디즈니공사,0,호북소년아동출판사,20090801,9787535345776,☞이 책은 중국어로 쓰여져 있습니다.
81,미국의 지방행정,https://search.shopping.naver.com/book/catalog/33434885855,https://shopping-phinf.pstatic.net/main_3343488/33434885855.20221019132954.jpg,박용래,31500,한국학술정보,20070410,9788953465534,"미국에서 4년간 서울시 주재관으로 근무한 경험을 바탕으로 저술한 책으로, 지방자치관련 제도, 관행에 관하여 서울시 행정과 비교 연구 및 현지 지방정부의 시행자료, 관련 연구기관, 전문 서적 등을 참고로 정리하였다...."
82,미국의 입법과정,https://search.shopping.naver.com/book/catalog/33435240732,https://shopping-phinf.pstatic.net/main_3343524/33435240732.20221230072450.jpg,김영희,10800,한국학술정보,20070830,9788953474130,미국의 입법절차에 대한 연구서. 미국의 법을 성문법 국가에 준하는 시각으로 고찰해보고자 했다. 또한 기초적이고 헌법적인 사항들에서부터 미국 연방의회의 의정규칙이나 선례에 해당하는 세세한 사항까지 전체적인 모습도 살펴본다.
83,미국 비자 포커스 (전종준 변호사의 미국 비자 실제상황 가이드),https://search.shopping.naver.com/book/catalog/33435272624,https://shopping-phinf.pstatic.net/main_3343527/33435272624.20221228073711.jpg,전종준,13500,푸른솔,20070228,9788986804850,"미국 비자 취득을 위한 가이드북

전종준 변호사의 미국 비자 실제상황 가이드 〈미국 비자 포커스〉. 미국 비자 및 이민에 관한 다양한 사례들을 집중적으로 조명한 책이다. 아직도 미국 비자와 이민을 풍문과 비전문인에게 의존하다 보니 신분상 불이익을 당하는 사례가 끊이지 않는 상황에서, 이 책은 변호사의 조력을 구하지 않아도 될 만큼 상세하게 일목요연하게 내용을 제시하고 있다. 

이 책은 한국뿐만 아니라 미국이나 세계 각국에서 미국의 문을 두드리는 모든 사람에게 꼭 필요한 최신 미국 이민법을 비이민 비자, 이민 비자와 시민권으로 나누어 알기 쉽게 정리하였다. 아울러 이민 전문 변호사인 저자가 실제로 다뤄본 다양한 비자 문제를 풍부한 사례 연구를 통해 소개하고 있다. 미국 이민법에 대한 바른 이해와 합법적인 서류 절차로 비자 장벽을 뚫을 수 있도록 도와주는 책이다."
84,미국문화의 이해,https://search.shopping.naver.com/book/catalog/33435303846,https://shopping-phinf.pstatic.net/main_3343530/33435303846.20221230071529.jpg,NEIL CAMPBELL 외,18000,학문사,20020320,9788946781757,"미국문화에 대한 새로운 개론서. 미국이라는 나라의 국가적 정체성을 잡종성과 다원성으로 파악하고, 문화 정치학적 분석 작업을 수행하기 위해 다양한 조망과 접근법을 제시한 책이다."
85,미국역사의 순환,https://search.shopping.naver.com/book/catalog/33845716436,https://shopping-phinf.pstatic.net/main_3384571/33845716436.20221230072425.jpg,아서M.슐레진저 2세,20500,을유문화사,19931105,9788932451435,"미국 역사의 성쇠에 관하여 일반적인 의문을 제기하고, 미국 및 세계에 대한 다양한 주제와 정부의 역할과 전망, 정당과 대통령과 같은 국내 정치를 다루어 한 나라의 정치 조직체로서의 미국을 살펴본 역저이다."
86,미국의 음식문화,https://search.shopping.naver.com/book/catalog/35299450895,https://shopping-phinf.pstatic.net/main_3529945/35299450895.20221018131837.jpg,ELAINE N.MCINTOSH,10800,역민사,19990910,9788985154239,
87,근대 미국 단편선 (한권으로 읽는),https://search.shopping.naver.com/book/catalog/35299551922,https://shopping-phinf.pstatic.net/main_3529955/35299551922.20221018132726.jpg,이선주외 역,11700,동인,20030925,9788955061901,"19세기는 미국의 정체성이 확립된 시기이다. 이 책에서 소개하는 나사니엘 호손과 허먼 멜빌은 이 시기를 대표하는 작가들이며, 마크 트웨인과 헨리 제임스, 윌리엄 딘 하웰즈와 스티븐 크래인 그리고 챨스 워델 체스넛은 남북전쟁을 전후하여 미국 문화와 사회를 대변하는 작가들이다. 또한 케이트 쇼팬, 샬롯 퍼킨스 길먼, 새러 오언 쥬엇은 동시대 남성작가들이 비껴간 사건들과 주제들을 여성의 시각으로 보여주고 있다."
88,위기의 미국 의회 (개혁정치의 허와 실),https://search.shopping.naver.com/book/catalog/35299621434,https://shopping-phinf.pstatic.net/main_3529962/35299621434.20221018134138.jpg,로렌스 에반스 외,11700,오름,20021231,9788977781689,"미국에서 새로이 다수당이 된 공화당이 위기에 놓인 미국의회에 제도개혁을 가하는 정치과정을 심층적으로 다룬 책. 이 책을 통해 1990년대 미국 의회제도 개혁의 구체적 과정, 요인, 내용에 대해 유익한 지식을 얻을 수 있을 뿐만 아니라, 미국 의회정치와 제도개혁정치 일반에 대한 이해와 통찰력을 얻을 수 있다."
89,미국의 산업상담,https://search.shopping.naver.com/book/catalog/35300643834,https://shopping-phinf.pstatic.net/main_3530064/35300643834.20221018142732.jpg,JUDITH A.LEWIS 외,9000,정암서원,20010410,9788986431414,
90,미국 예산정치론,https://search.shopping.naver.com/book/catalog/35300701760,https://shopping-phinf.pstatic.net/main_3530070/35300701760.20221018143357.jpg,이렌 S.루빈,15000,대영문화사,20010410,9788976440914,
91,미국희곡의 이해,https://search.shopping.naver.com/book/catalog/35303438278,https://shopping-phinf.pstatic.net/main_3530343/35303438278.20221019124515.jpg,김용덕,0,동아대학교출판부,20030925,9788944901447,
92,미국의 지방자치,https://search.shopping.naver.com/book/catalog/35304819769,https://shopping-phinf.pstatic.net/main_3530481/35304819769.20221018183855.jpg,김웅기,37000,대영문화사,20010330,9788976440952,"미국의 각급 정부 형태, 조직, 기능 등 각론적이고 실제적인 면에 중점을 둔 미국의 지방자치 안내서. 미국 대륙의 생성과정과 역사를 설명하고 연방정부의 기능과 더불어 행정부에 대해서는 구체적으로 각 부처의 업무 영역까지 소개했다. 또한 주정부의 특징 및 기능과 함께 뉴욕 주정부를 조사 대상으로 선정하여 각 부서의 실제업무도 자세히 기술했다."
93,미국의 대학평가 (고등교육의 질 보장을 위한),https://search.shopping.naver.com/book/catalog/35304867754,https://shopping-phinf.pstatic.net/main_3530486/35304867754.20221018184343.jpg,주삼환,7200,한국학술정보,20060501,9788953448407,"고등교육의 질을 관리하기 위한 방법의 하나가 바로 '대학평가'이다. 대학 스스로가 냉정하고 엄격하게 교육의 질을 관리하지 못하면 교육소비자로부터 불신을 받고 이어서 고발을 당하고, 다시 외부와 정부로부터 강한 통제를 받게 될 것이다. 이 보고서는 정부기관과 평가인정기구에 의한 미국의 전통적인 외적 질 통제의 강점과 약점에 대하여 살펴 보았다. 그 다음에 학교 자체의 자기 규제의 중요성에 대하여 검토해 보고, 마지막으로 자기 규제의 과정을 자세히 다루었다. 이 보고서는 학교의 질을 유지하려 하거나 개선하고자 할 ?.."
94,"미국, 이라는 문제",https://search.shopping.naver.com/book/catalog/35304897412,https://shopping-phinf.pstatic.net/main_3530489/35304897412.20221018190036.jpg,박의상,5400,아침나라,20020930,9788955870350,
95,미국영어음성학,https://search.shopping.naver.com/book/catalog/35305738200,https://shopping-phinf.pstatic.net/main_3530573/35305738200.20221018192759.jpg,원성옥 외,10000,경남대학교출판부,20001120,9788984210493,
96,미국 장로교회사,https://search.shopping.naver.com/book/catalog/35306019452,https://shopping-phinf.pstatic.net/main_3530601/35306019452.20221018194352.jpg,존 피츠미어,9900,기독교문서선교회,20040830,9788934108344,"미국 장로교를 역사적으로 서술하면서 장로교의 기원인 개신교 종교개혁에서 출발하여, 스코틀랜드 및 신대륙 식민지에서의 발전 그리고 20세기 에큐메니칼 운동을 망라하는 역사를 다루고, 부분에서는 미국 장로교 역사의 주요 인물에 대해 개관한다...."
97,미국의 예비선거 (비교정치학적 접근),https://search.shopping.naver.com/book/catalog/35306043067,https://shopping-phinf.pstatic.net/main_3530604/35306043067.20221018194011.jpg,안순철,11400,단국대학교출판부,20050225,9788970923505,"예비선거 모델의 원형인 미국의 예비선거와 그 제도적 효과를 이해하는 데 초점을 두고 있는 책이다. 이를 위해 2장에서는 미국 후보 지명 제도의 역사적 변천을 되짚어 보고, 3장에서는 예비선거 제도의 특징과 문제점을 논의한다. 맥거번-프레이저 위원회가 주도한 민주당의 개혁 과정을 자세히 검토하고, 2004년 후보 지명 제도를 중심으로 각 주와 정당별로 유권자의 참여 유형을 분류하여 제시하고 있다."
98,디지털 경제 2000,https://search.shopping.naver.com/book/catalog/35306618957,https://shopping-phinf.pstatic.net/main_3530661/35306618957.20221018202348.jpg,미국상무부 편,9000,한마음사,20000831,9788978000765,"10년째 계속되는 강력한 미국경제 팽창의 이면에는 인터넷 기반의 신경제에 대한 집중 투자가 있었다. 디지털 기반의 기술혁신은 경제ㆍ사회적으로 커다란 변혁을 가져온다. 이 책은 IT혁명과 그것이 가져오는 경제ㆍ사회에의 영향을 평가한 1999, 2000년도 미국 상무부 보고서다."
99,미국은 미국이다,https://search.shopping.naver.com/book/catalog/35306656512,https://shopping-phinf.pstatic.net/main_3530665/35306656512.20221018202510.jpg,오승현,9900,집문당,19990201,9788930306867,
