,제목,가수,앨범
1,"
I Miss You",같은장르,I Miss You
2,"
벚꽃 심정 (Dance of Hearts)",황노을,벚꽃 심정 (Dance of Hearts)
3,"
그대 내 친구여",손태진,불타는 디너쇼 베스트
4,"
가장 예쁜 것만 너에게 줄게",지진석 & 안예슬,"봄, 그리고 우리"
5,"
찬비에 백화가 (해금. 이유한)",기억：함 Project,찬비에 백화가
6,"
Riches",Miso,Gritty
7,"
참담 (眞談)",도엔,참담 (眞談)
8,"
꽃이 피나 봄",니오 (Neo),꽃이 피나 봄
9,"
CAUSTIC",천유찬,RUFF
10,"
감계룡",천주미,천주미 「가야금병창 음원시리즈 Ⅰ」 흥보가
11,"
황혼의 사랑",김훈,황혼의 사랑
12,"
자화상",서성곤,자화상
13,"
울 아버지",봄소리,울 아버지
14,"
Wakanai (Feat. BigDiku)",원도연,Wakanai
15,"
filter",일공육공 (1060),GRIT 8
16,"
괜찮아",명택,괜찮아
17,"
불타는 밤",한별이,불타는 밤
18,"
파도",소 이,파도
19,"
좋아한다 말해도 될까 (레비트 솔로)",레트로시티,좋아한다 말해도 될까 (레비트 솔로)
20,"
The evening",오하나,The evening
21,"
나봄",루소비,나봄
22,"
외로움을 견디는 일",로맨스가이,외로움을 견디는 일
23,"
Black rye bread",로랑블랑,Black rye bread
24,"
Splendid",MUSHBERRY,Splendid
25,"
Emeror",MUSHBERRY,Emeror
26,"
Brilliant",MUSHBERRY,Brilliant
27,"
Born",MUSHBERRY,Born
28,"
DAFT",암모나이트 (Amonight),DAFT
29,"
낙엽",고도수 (godosoo),개화시기
30,"
DOPEBOii FREESTYLE",ShyboiiTobii (샤이보이토비),DOPEBOii
31,"
I wanna",kenessi,I wanna
32,"
대화",수화,대화
33,"
아무도 오지 않는 밤에 (Feat. 지연)",mnm,아무도 오지 않는 밤에
34,"
빡 억 (With GongGongGoo009)",J1BEATZ,ANTIPODE UNION : GongGongGoo009
35,"
PUNCHMACHINE",332pp,PUNCHMACHINE
36,"
TRUE LIGHT",J.Bright,TRUE LIGHT
37,"
Chamomile (Feat. Holieve)",천재호영,Chamomile
38,"
친한 친구 (Feat. 코코) (Full Ver.)",영재 (Youngjae),친한 친구 (Full Ver.)
39,"
Misty Moonlight",O.T.O,Nighttime : ) (lofi hiphop Mix)
40,"
박수를 칩시다 (Prod. by 김수명)",전미나,박수를 칩시다
41,"
빛을 따라서 (Shining Bright)",첫사랑 (CSR),DELIGHT
42,"
그리워",조우진,그리워
43,"
그러니 그대 사라지지 말아라",박치음,그러니 그대 사라지지 말아라
44,"
금의환향",가야금앙상블 그미,금의환향
45,"
감자탕 타령",발수건,발수건 발매 싱글 1집
46,"
사랑, 봄",A-FLOW,"사랑, 봄"
47,"
외눈박이 물고기처럼(MBTI S-N) (Feat. 유하나)",이상순,MBTI 3탄 감각-직관편
48,"
GHOST BOSS DRIPPY (Feat. Jr.'s)",크리스가디,GHOST BOSS DRIPPY
49,"
도망쳐 (Trouble)",그린 (GREEN),TROUBLE
50,"
Running Out of Love (Feat. AleXa)",BADS,Running Out of Love
51,"
No more lonely night",이지혜,No more lonely night
52,"
Ooh Wee Ooh Wee (It's a New Start)",시봉,Ooh Wee Ooh Wee (It's a New Start)
53,"
대박나세요",레오 (Leo),대박나세요
54,"
BALEN/CHANEL",페이셈 (PEISEM),BALEN/CHANEL
55,"
인도드리프트",애옹좌 & 강정우 (korean sexy boy) & Chief Beef & IMWONJIN & 웅가 (Woong-Ga) & 슬리피헤드 (sleepyhead) & 영민 (YUNGMEAN) & AXURA,천박보이즈 pt.1
56,"
Shake It",MOONRVCER,Shake It
57,"
그때 만나",KeepSake & G Y Night,Promise Town
58,"
내가 바본걸",air-pig,내가 바본걸
59,"
안티테제 (Antithese)",사인 (Sain),안티테제 (Antithese)
60,"
Pleasure (Prod. by Pdub The Producer)",Venza & Potato Shaped Sheep,11's Kid
61,"
24 RACE",Tommy L,24 RACE
62,"
길 위에서",온봄,길 위에서
63,"
Blanc De Noir",Rarge Sloth,From The Room
64,"
Vroong",릴러말즈 (Leellamarz) & NSW yoon & Street Baby,Vroong
65,"
한 번",손성종,한 번
66,"
치매 (New Ver.)",오선장,어머님께 바치는 헌정곡
67,"
나는 무엇이든 되어",이정권,봄의 낮과 밤
68,"
새뱃놀이",시도 (XIIDO),도약
69,"
Night with you (Feat. Aish & 박현진)",YZL,FORGOTTEN
70,"
Pierrot (Feat. 안태민) (Prod. by sin & speeka)",U land,Pierrot
71,"
Adore",Choish,연분홍
72,"
24/7",NupXXi,24/7
73,"
꽃이 지고 나서야 봄이었음을",최윤,2006 the 민경
74,"
바보여도 좋아 (Feat. 신민정)",홍빈,바보여도 좋아
75,"
추워 죽겠는데 봄이래 (Prod. by MAENG)",주홍,추워 죽겠는데 봄이래
76,"
난 거짓말쟁이야 (Prod. by LOTI (로티))",임재영,난 거짓말쟁이야
77,"
Solid",식스데이 레이오프 (6 DAY LAYOFF),Solid
78,"
그만하자",김재석,Naturaltone part.2
79,"
고! 대전",1253 (일이오삼),다수의 멜로디3
80,"
아까전에 봤던 너",zmay,아까전에 봤던 너
81,"
점멸등",사유나,점멸등
82,"
DAY&NIGHT",WE:A (위아),24/7 : TWENTY-FOUR/SEVEN
83,"
가로등 아래 무대 (Feat. 현재상)",eunchai,가로등 아래 무대
84,"
마법소녀였던 너에게",물,미래는 부재중
85,"
방 (Room)",쟁반땅콩,방 (Room)
86,"
물속 그리움",김애령,물속 그리움
87,"
님 찾아 떠나볼까",유수,님 찾아 떠나볼까
88,"
해운대 봄바람",수목화,해운대 봄바람
89,"
당신은 내사랑",나해성,당신은 내사랑
90,"
기다릴께요",마님 (윤혜숙),기다릴께요
91,"
Stay",Yusu (유수),Stay
92,"
Some Way",우바울,Some Way
93,"
못난 자들의 무도회",등아,못난 자들의 무도회
94,"
Apocalypto",Onizmik,Apocalypto
95,"
애정의 반대",이고요,애정의 반대
96,"
시간",장혜성,시간
97,"
diary (Feat. hangirin & Ezzle)",hena,diary
98,"
사랑 안 해",HAYOON,사랑 안 해
99,"
아이스커피",이지브로,아이스커피
100,"
white-textured vapour",Cha,white-textured vapour
101,"
Only man (Feat. 정인)",Cha,Only man
102,"
Get Down (Original Mix)",CAREY,Get Down (Original Mix)
103,"
Divine Providence",이유경,Divine Providence
104,"
그 자리에서 기다린다 (Feat. 유진 & 김시형)",InpageM,그 자리에서 기다린다
105,"
재시작 102. ［₩ater］ (Prod. by JD)",LLUK_k,I can't take a loss. ［재시작］
106,"
사랑-1번지",O.peter (오피터),사랑-1번지
107,"
조금만 더 기다릴게 (Vocal. 김동혁)",AJ,조금만 더 기다릴게
108,"
Revenge",손석민,Revenge
109,"
Go Back Home",레이디오울 (Lady Owl),Go Back Home
110,"
Chicago Bears",트러스트 (Trust),Chicago Bears
111,"
INTERVIEW (Feat. Louis mari)",moim (모임),INTERVIEW
112,"
＋ I hate it more than anything in the world ＋",Hippie Rimes,Test Art
113,"
GGBB",마마무＋,"ACT 1, SCENE 1"
114,"
사랑을 믿었어",Heon Seo (헌서),사랑을 믿었어
115,"
하루살이",STEN (스텐) & 에디 (EDI),하루살이
116,"
비련 (悲戀)",WOONIE (우니) & DJ LUMINESS (루미너스),비련 (悲戀)
117,"
무기징역",Vanillare (바닐레어),무기징역
118,"
마지막인듯이",Neff,마지막인듯이
119,"
Show Down",EDM FOX,Show Down
120,"
Miserable",Hip Hop Joy,Miserable
121,"
소시민 (小市民)",해은,소시민 (小市民)
122,"
INSOMNIA (Vocal. 진욱)",ashWave (애쉬웨이브),INSOMNIA
123,"
4K!",적색밴드,4K!
124,"
봄 그리고 봄 (Feat. JIN.J)",노르웨이 숲,봄 그리고 봄
125,"
Burger ate Pizza (버거싶다)",류세라,VERTICAL
126,"
It's a SUPRA",호미들,It's a SUPRA
127,"
Stood (With 다린)",소울스트링 (Soul String),소울스트링 프로젝트 Part 3 : 2023 March
128,"
널 그리다 울었다",Kid Wine,Natural
129,"
SlimE Luv (Feat. 372) (Prod. by Alive Funk)",안경잽이,너무아파
130,"
Night Born",WEDER,NERA
131,"
님 가신 바다여 꽃다운 님들이여",SY,님 가신 바다여 꽃다운 님들이여
132,"
너와 나의 이야기",태현 (Tae hyeon),너와 나의 이야기
133,"
GONE (Feat. Paloalto) (멜로디 제거 MR)",Musicen,MR반주 뮤직엔 2023 Vol.12
134,"
너에게로",박선정 (Sun Park),너에게로
135,"
나를 잊지 말아요",서영수,나를 잊지 말아요
136,"
CALL THE POLICE",DOMI,CALL THE POLICE
137,"
단정 (斷情)",강경민 (MieN),斷情
138,"
SUPERSTAR",Woolenciah,SUPERSTAR
139,"
Oh NaNa (ASTER Remix)",카드 (KARD),KARD Remix Project
140,"
오히려 좋아",양승호,오히려 좋아
141,"
Stay with me",밴드민하,Stay with me
142,"
Sour & Sweet",뱀뱀 (BamBam),Sour & Sweet
143,"
삼색볼펜",훈엽,홀로서기
144,"
Mistake",J.N,Mistake
145,"
Timeless (Feat. SZN)",도끼 (Dok2),"THE CORE TAPE, Vol. 2"
146,"
오늘 하루",후크 (Hook),오늘 하루
147,"
제일 잘 나가",안서연,청춘부르스
148,"
좋은 사람 (Feat. 김소희)",송지홍,좋은 사람
149,"
별빛장터",김종하,별빛장터
150,"
봄에게 (Feat. 완두콩)",레리,봄에게
